Metric,Score
Accuracy,0.9240596167494677
Precision,0.828009828009828
Recall,0.9010695187165776
F1-Score,0.8629961587708067
ROC-AUC,0.9721615128264743
